{
  "project_info": {
    "project_number": "1095896380859",
    "project_id": "medicalmanagementsystem123",
    "storage_bucket": "medicalmanagementsystem123.firebasestorage.app"
  },
  "client": [
    {
      "client_info": {
        "mobilesdk_app_id": "1:1095896380859:android:7b21a3502d616f25c8809e",
        "android_client_info": {
          "package_name": "com.example.medicalmanagementsystem"
        }
      },
      "oauth_client": [],
      "api_key": [
        {
          "current_key": "AIzaSyBnal1ouUrQwRYByfMnXAb-k4L2TFZF4zs"
        }
      ],
      "services": {
        "appinvite_service": {
          "other_platform_oauth_client": []
        }
      }
    }
  ],
  "configuration_version": "1"
}